filename,x,y,z,title,w,h
400-600-1.jpg,0.904493059790056,4.826722857021277,-0.6197285177676006,Curious Cat,400,600
400-600-2.jpg,-2.8376708043119416,2.769102392925755,-1.1812498979748867,Sleepy Feline,400,600
600-400-1.jpg,0.08237200172016301,-1.4871490654354447,4.119281602979266,Playful Kitten,600,400
600-400-2.jpg,3.6294607337165523,-3.4077058466893986,-1.1214001944906316,Hungry Cat,600,400
600-400-3.jpg,4.0291826140235685,3.399863471550997,2.771405084412894,Purring Companion,600,400
600-400-4.jpg,-1.6077927635391753,4.862146520285513,-0.16263684961497749,Stretching Cat,600,400
600-600-1.jpg,3.4950808771397366,2.323755881023164,2.2154836483273286,Napping Feline,600,600
600-600-2.jpg,2.9109768512936913,0.9361959084757583,4.787237259884559,Alert Cat,600,600
